{"32_10000.0_0": {"false_ratio": 0.0006093807129441838, "channel_long_buff_ratio": 16.0}, "32_1000.0_0": {"false_ratio": 0.00015625097656860355, "channel_long_buff_ratio": 16.0}, "2_1000.0_0": {"false_ratio": 0.0, "channel_long_buff_ratio": 1.0}, "2_300.0_0": {"false_ratio": 0.0, "channel_long_buff_ratio": 1.0}, "2_500.0_0": {"false_ratio": 0.0, "channel_long_buff_ratio": 1.0}, "2_750.0_0": {"false_ratio": 0.0, "channel_long_buff_ratio": 1.0}, "32_750.0_0": {"false_ratio": 0.00012812580078625492, "channel_long_buff_ratio": 16.0}, "8_500.0_0": {"false_ratio": 3.75e-05, "channel_long_buff_ratio": 4.0}, "32_10.0_0": {"false_ratio": 4.375e-05, "channel_long_buff_ratio": 16.0}, "4_500.0_0": {"false_ratio": 0.0, "channel_long_buff_ratio": 2.0}, "16_1000.0_0": {"false_ratio": 0.00011875148439355492, "channel_long_buff_ratio": 8.0}, "8_1000.0_0": {"false_ratio": 7.500187504687617e-05, "channel_long_buff_ratio": 4.0}, "16_10.0_0": {"false_ratio": 1.25e-05, "channel_long_buff_ratio": 8.0}, "8_10000.0_0": {"false_ratio": 0.0005500068750859386, "channel_long_buff_ratio": 4.0}, "16_10000.0_0": {"false_ratio": 0.00038750242189013683, "channel_long_buff_ratio": 8.0}, "8_750.0_0": {"false_ratio": 2.500062501562539e-05, "channel_long_buff_ratio": 4.0}, "4_750.0_0": {"false_ratio": 5.000250012500625e-05, "channel_long_buff_ratio": 2.0}, "8_300.0_0": {"false_ratio": 1.250015625195315e-05, "channel_long_buff_ratio": 4.0}, "32_100.0_0": {"false_ratio": 1.875e-05, "channel_long_buff_ratio": 16.0}, "32_300.0_0": {"false_ratio": 3.75e-05, "channel_long_buff_ratio": 16.0}, "4_100.0_0": {"false_ratio": 0.0, "channel_long_buff_ratio": 2.0}, "2_100.0_0": {"false_ratio": 0.0, "channel_long_buff_ratio": 1.0}, "2_10000.0_0": {"false_ratio": 0.0, "channel_long_buff_ratio": 1.0}, "4_10.0_0": {"false_ratio": 0.0, "channel_long_buff_ratio": 2.0}, "2_10.0_0": {"false_ratio": 0.0, "channel_long_buff_ratio": 1.0}, "4_300.0_0": {"false_ratio": 0.0, "channel_long_buff_ratio": 2.0}, "32_500.0_0": {"false_ratio": 9.0625e-05, "channel_long_buff_ratio": 16.0}, "4_10000.0_0": {"false_ratio": 0.0004250106252656316, "channel_long_buff_ratio": 2.0}, "8_10.0_0": {"false_ratio": 0.0, "channel_long_buff_ratio": 4.0}, "16_100.0_0": {"false_ratio": 0.0, "channel_long_buff_ratio": 8.0}, "16_750.0_0": {"false_ratio": 8.75e-05, "channel_long_buff_ratio": 8.0}, "16_500.0_0": {"false_ratio": 3.125097659301853e-05, "channel_long_buff_ratio": 8.0}, "16_300.0_0": {"false_ratio": 3.125e-05, "channel_long_buff_ratio": 8.0}, "8_100.0_0": {"false_ratio": 0.0, "channel_long_buff_ratio": 4.0}, "4_1000.0_0": {"false_ratio": 0.0001000050002500125, "channel_long_buff_ratio": 2.0}, "8_10000.0_1": {"false_ratio": 0.001012512656408205, "channel_long_buff_ratio": 4.0}, "8_1000.0_1": {"false_ratio": 0.00015000375009375234, "channel_long_buff_ratio": 4.0}, "4_750.0_1": {"false_ratio": 2.500062501562539e-05, "channel_long_buff_ratio": 2.0}, "4_100.0_1": {"false_ratio": 0.0, "channel_long_buff_ratio": 2.0}, "4_300.0_1": {"false_ratio": 0.0, "channel_long_buff_ratio": 2.0}, "4_500.0_1": {"false_ratio": 0.0, "channel_long_buff_ratio": 2.0}, "8_750.0_1": {"false_ratio": 7.50009375117189e-05, "channel_long_buff_ratio": 4.0}, "16_10.0_1": {"false_ratio": 1.25e-05, "channel_long_buff_ratio": 8.0}, "2_500.0_1": {"false_ratio": 0.0, "channel_long_buff_ratio": 1.0}, "2_1000.0_1": {"false_ratio": 0.0, "channel_long_buff_ratio": 1.0}, "32_750.0_1": {"false_ratio": 0.000109375, "channel_long_buff_ratio": 16.0}, "16_10000.0_1": {"false_ratio": 0.00043750820327881145, "channel_long_buff_ratio": 8.0}, "16_1000.0_1": {"false_ratio": 0.00013750085938037113, "channel_long_buff_ratio": 8.0}, "2_750.0_1": {"false_ratio": 0.0, "channel_long_buff_ratio": 1.0}, "32_1000.0_1": {"false_ratio": 0.00015937649415463269, "channel_long_buff_ratio": 16.0}, "2_300.0_1": {"false_ratio": 0.0, "channel_long_buff_ratio": 1.0}, "8_300.0_1": {"false_ratio": 0.0, "channel_long_buff_ratio": 4.0}, "16_300.0_1": {"false_ratio": 6.25e-06, "channel_long_buff_ratio": 8.0}, "8_10.0_1": {"false_ratio": 0.0, "channel_long_buff_ratio": 4.0}, "4_10.0_1": {"false_ratio": 0.0, "channel_long_buff_ratio": 2.0}, "4_1000.0_1": {"false_ratio": 2.5e-05, "channel_long_buff_ratio": 2.0}, "16_750.0_1": {"false_ratio": 0.0001, "channel_long_buff_ratio": 8.0}, "4_10000.0_1": {"false_ratio": 7.500187504687617e-05, "channel_long_buff_ratio": 2.0}, "16_500.0_1": {"false_ratio": 6.875128908667038e-05, "channel_long_buff_ratio": 8.0}, "2_10000.0_1": {"false_ratio": 0.0, "channel_long_buff_ratio": 1.0}, "16_100.0_1": {"false_ratio": 6.25e-06, "channel_long_buff_ratio": 8.0}, "8_100.0_1": {"false_ratio": 0.0, "channel_long_buff_ratio": 4.0}, "8_500.0_1": {"false_ratio": 3.7500937523438084e-05, "channel_long_buff_ratio": 4.0}, "2_10.0_1": {"false_ratio": 0.0, "channel_long_buff_ratio": 1.0}, "32_10.0_1": {"false_ratio": 3.750011718786621e-05, "channel_long_buff_ratio": 16.0}, "32_500.0_1": {"false_ratio": 8.750464868446137e-05, "channel_long_buff_ratio": 16.0}, "32_300.0_1": {"false_ratio": 6.250058594299321e-05, "channel_long_buff_ratio": 16.0}, "32_100.0_1": {"false_ratio": 1.25e-05, "channel_long_buff_ratio": 16.0}, "2_100.0_1": {"false_ratio": 0.0, "channel_long_buff_ratio": 1.0}}