{"32_10000.0_0": 0.0006093807129441838, "32_1000.0_0": 0.00015625097656860355, "2_1000.0_0": 0.0, "2_300.0_0": 0.0, "2_500.0_0": 0.0, "2_750.0_0": 0.0, "32_750.0_0": 0.00012812580078625492, "8_500.0_0": 3.75e-05, "32_10.0_0": 4.375e-05, "4_500.0_0": 0.0, "16_1000.0_0": 0.00011875148439355492, "8_1000.0_0": 7.500187504687617e-05, "16_10.0_0": 1.25e-05, "8_10000.0_0": 0.0005500068750859386, "16_10000.0_0": 0.00038750242189013683, "8_750.0_0": 2.500062501562539e-05, "4_750.0_0": 5.000250012500625e-05, "8_300.0_0": 1.250015625195315e-05, "32_100.0_0": 1.875e-05, "32_300.0_0": 3.75e-05, "4_100.0_0": 0.0, "2_100.0_0": 0.0, "2_10000.0_0": 0.0, "4_10.0_0": 0.0, "2_10.0_0": 0.0, "4_300.0_0": 0.0, "32_500.0_0": 9.0625e-05, "4_10000.0_0": 0.0004250106252656316, "8_10.0_0": 0.0, "16_100.0_0": 0.0, "16_750.0_0": 8.75e-05, "16_500.0_0": 3.125097659301853e-05, "16_300.0_0": 3.125e-05, "8_100.0_0": 0.0, "4_1000.0_0": 0.0001000050002500125, "32_10000.0_1": 0.0006093807129441838, "32_1000.0_1": 0.00015625097656860355, "2_1000.0_1": 0.0, "2_300.0_1": 0.0, "2_500.0_1": 0.0, "2_750.0_1": 0.0, "32_750.0_1": 0.00012812580078625492, "8_500.0_1": 3.75e-05, "32_10.0_1": 4.375e-05, "4_500.0_1": 0.0, "16_1000.0_1": 0.00011875148439355492, "8_1000.0_1": 7.500187504687617e-05, "16_10.0_1": 1.25e-05, "8_10000.0_1": 0.0005500068750859386, "16_10000.0_1": 0.00038750242189013683, "8_750.0_1": 2.500062501562539e-05, "4_750.0_1": 5.000250012500625e-05, "8_300.0_1": 1.250015625195315e-05, "32_100.0_1": 1.875e-05, "32_300.0_1": 3.75e-05, "4_100.0_1": 0.0, "2_100.0_1": 0.0, "2_10000.0_1": 0.0, "4_10.0_1": 0.0, "2_10.0_1": 0.0, "4_300.0_1": 0.0, "32_500.0_1": 9.0625e-05, "4_10000.0_1": 0.0004250106252656316, "8_10.0_1": 0.0, "16_100.0_1": 0.0, "16_750.0_1": 8.75e-05, "16_500.0_1": 3.125097659301853e-05, "16_300.0_1": 3.125e-05, "8_100.0_1": 0.0, "4_1000.0_1": 0.0001000050002500125}